timestamp,behavior,consequent_illness,recommendation
2025-02-02 17:33:00,Muscular_effort,shoulder_bursitis,pilates_exercise
2025-02-03 14:10:00,insufficient_calorie_diet,pressure_ulcers,pressure_relief_exercise
2025-02-03 18:45:00,insufficient_calorie_diet,pressure_ulcers,adequate_diet
2025-02-04 07:20:00,metabolic_syndrome,high_blood_pressure,standind_table_exercise
2025-02-04 15:55:00,metabolic_syndrome,diabetes,standind_table_exercise
2025-02-05 08:10:00,Muscular_effort,shoulder_bursitis,pilates_exercise
2025-02-05 22:30:00,insufficient_calorie_diet,pressure_ulcers,pressure_relief_exercise
2025-02-06 10:15:00,insufficient_calorie_diet,pressure_ulcers,adequate_diet
2025-02-06 19:40:00,metabolic_syndrome,high_blood_pressure,standind_table_exercise
2025-02-07 11:05:00,metabolic_syndrome,diabetes,standind_table_exercise
2025-02-07 20:50:00,Muscular_effort,shoulder_bursitis,pilates_exercise
2025-02-08 09:25:00,insufficient_calorie_diet,pressure_ulcers,pressure_relief_exercise
2025-02-08 23:10:00,insufficient_calorie_diet,pressure_ulcers,adequate_diet
2025-02-09 06:45:00,metabolic_syndrome,high_blood_pressure,standind_table_exercise
2025-02-09 17:20:00,metabolic_syndrome,diabetes,standind_table_exercise
2025-02-10 08:30:00,Muscular_effort,shoulder_bursitis,pilates_exercise
2025-02-10 21:15:00,insufficient_calorie_diet,pressure_ulcers,pressure_relief_exercise
2025-02-11 12:00:00,insufficient_calorie_diet,pressure_ulcers,adequate_diet
2025-02-11 18:45:00,metabolic_syndrome,high_blood_pressure,standind_table_exercise
2025-02-12 13:30:00,metabolic_syndrome,diabetes,standind_table_exercise
2025-02-12 22:10:00,Muscular_effort,shoulder_bursitis,pilates_exercise
2025-02-13 09:55:00,insufficient_calorie_diet,pressure_ulcers,pressure_relief_exercise
2025-02-13 20:40:00,insufficient_calorie_diet,pressure_ulcers,adequate_diet
2025-02-14 07:25:00,metabolic_syndrome,high_blood_pressure,standind_table_exercise
2025-02-14 16:10:00,metabolic_syndrome,diabetes,standind_table_exercise
2025-02-15 08:45:00,Muscular_effort,shoulder_bursitis,pilates_exercise
2025-02-15 21:30:00,insufficient_calorie_diet,pressure_ulcers,pressure_relief_exercise
2025-02-16 10:15:00,insufficient_calorie_diet,pressure_ulcers,adequate_diet
2025-02-16 19:00:00,metabolic_syndrome,high_blood_pressure,standind_table_exercise
2025-02-17 12:45:00,metabolic_syndrome,diabetes,standind_table_exercise
2025-02-18 08:20:00,Muscular_effort,shoulder_bursitis,pilates_exercise
2025-02-18 19:10:00,insufficient_calorie_diet,pressure_ulcers,pressure_relief_exercise
2025-02-19 11:30:00,insufficient_calorie_diet,pressure_ulcers,adequate_diet
2025-02-19 22:15:00,metabolic_syndrome,high_blood_pressure,standind_table_exercise
2025-02-20 09:40:00,metabolic_syndrome,diabetes,standind_table_exercise
2025-02-20 20:25:00,Muscular_effort,shoulder_bursitis,pilates_exercise
2025-02-21 07:50:00,insufficient_calorie_diet,pressure_ulcers,pressure_relief_exercise
2025-02-21 18:35:00,insufficient_calorie_diet,pressure_ulcers,adequate_diet
2025-02-22 10:00:00,metabolic_syndrome,high_blood_pressure,standind_table_exercise
2025-02-22 21:45:00,metabolic_syndrome,diabetes,standind_table_exercise
2025-02-23 08:10:00,Muscular_effort,shoulder_bursitis,pilates_exercise
2025-02-23 19:55:00,insufficient_calorie_diet,pressure_ulcers,pressure_relief_exercise
2025-02-24 12:20:00,insufficient_calorie_diet,pressure_ulcers,adequate_diet
2025-02-24 23:05:00,metabolic_syndrome,high_blood_pressure,standind_table_exercise
2025-02-25 09:30:00,metabolic_syndrome,diabetes,standind_table_exercise
2025-02-25 20:15:00,Muscular_effort,shoulder_bursitis,pilates_exercise
2025-02-26 07:40:00,insufficient_calorie_diet,pressure_ulcers,pressure_relief_exercise
2025-02-26 18:25:00,insufficient_calorie_diet,pressure_ulcers,adequate_diet
2025-02-27 10:50:00,metabolic_syndrome,high_blood_pressure,standind_table_exercise
2025-02-27 21:35:00,metabolic_syndrome,diabetes,standind_table_exercise
2025-02-28 08:00:00,Muscular_effort,shoulder_bursitis,pilates_exercise
2025-02-28 19:45:00,insufficient_calorie_diet,pressure_ulcers,pressure_relief_exercise
2025-03-01 12:10:00,insufficient_calorie_diet,pressure_ulcers,adequate_diet
2025-03-01 22:55:00,metabolic_syndrome,high_blood_pressure,standind_table_exercise
2025-03-02 09:20:00,metabolic_syndrome,diabetes,standind_table_exercise
2025-03-02 20:05:00,Muscular_effort,shoulder_bursitis,pilates_exercise
2025-03-03 07:30:00,insufficient_calorie_diet,pressure_ulcers,pressure_relief_exercise
2025-03-03 18:15:00,insufficient_calorie_diet,pressure_ulcers,adequate_diet
2025-03-04 10:40:00,metabolic_syndrome,high_blood_pressure,standind_table_exercise
2025-03-04 21:25:00,metabolic_syndrome,diabetes,standind_table_exercise
